Fall 1993	Friday	9:00AM - 9:59AM
Fall 1993	Monday	9:00AM - 9:59AM
Fall 1993	Thursday	9:00AM - 9:59AM
Fall 1993	Tuesday	9:00AM - 9:59AM
Fall 1993	Wednesday	9:00AM - 9:59AM
Fall 1994	Friday	9:00AM - 9:59AM
Fall 1994	Monday	9:00AM - 9:59AM
Fall 1994	Thursday	9:00AM - 9:59AM
Fall 1994	Tuesday	9:00AM - 9:59AM
Fall 1994	Wednesday	9:00AM - 9:59AM
Fall 1995	Friday	9:00AM - 9:59AM
Fall 1995	Monday	9:00AM - 9:59AM
Fall 1995	Thursday	9:00AM - 9:59AM
Fall 1995	Tuesday	9:00AM - 9:59AM
Fall 1995	Wednesday	9:00AM - 9:59AM
Fall 1996	Friday	9:00AM - 9:59AM
Fall 1996	Monday	9:00AM - 9:59AM
Fall 1996	Thursday	9:00AM - 9:59AM
Fall 1996	Tuesday	9:00AM - 9:59AM
Fall 1996	Wednesday	9:00AM - 9:59AM
Fall 1997	Friday	9:00AM - 9:59AM
Fall 1997	Monday	9:00AM - 9:59AM
Fall 1997	Thursday	9:00AM - 9:59AM
Fall 1997	Tuesday	9:00AM - 9:59AM
Fall 1997	Wednesday	9:00AM - 9:59AM
Fall 1998	Friday	9:00AM - 9:59AM
Fall 1998	Monday	9:00AM - 9:59AM
Fall 1998	Thursday	9:00AM - 9:59AM
Fall 1998	Tuesday	9:00AM - 9:59AM
Fall 1998	Wednesday	9:00AM - 9:59AM
Fall 1999	Friday	9:00AM - 9:59AM
Fall 1999	Monday	9:00AM - 9:59AM
Fall 1999	Thursday	9:00AM - 9:59AM
Fall 1999	Tuesday	9:00AM - 9:59AM
Fall 1999	Wednesday	9:00AM - 9:59AM
Fall 2000	Friday	9:00AM - 9:59AM
Fall 2000	Monday	9:00AM - 9:59AM
Fall 2000	Thursday	9:00AM - 9:59AM
Fall 2000	Tuesday	9:00AM - 9:59AM
Fall 2000	Wednesday	9:00AM - 9:59AM
Fall 2001	Friday	9:00AM - 9:59AM
Fall 2001	Monday	9:00AM - 9:59AM
Fall 2001	Thursday	9:00AM - 9:59AM
Fall 2001	Tuesday	9:00AM - 9:59AM
Fall 2001	Wednesday	9:00AM - 9:59AM
Fall 2002	Friday	9:00AM - 9:59AM
Fall 2002	Monday	9:00AM - 9:59AM
Fall 2002	Thursday	9:00AM - 9:59AM
Fall 2002	Tuesday	9:00AM - 9:59AM
Fall 2002	Wednesday	9:00AM - 9:59AM
Fall 2003	Friday	9:00AM - 9:59AM
Fall 2003	Monday	9:00AM - 9:59AM
Fall 2003	Thursday	9:00AM - 9:59AM
Fall 2003	Tuesday	9:00AM - 9:59AM
Fall 2003	Wednesday	9:00AM - 9:59AM
Fall 2004	Friday	9:00AM - 9:59AM
Fall 2004	Monday	9:00AM - 9:59AM
Fall 2004	Thursday	9:00AM - 9:59AM
Fall 2004	Tuesday	9:00AM - 9:59AM
Fall 2004	Wednesday	9:00AM - 9:59AM
Fall 2005	Friday	9:00AM - 9:59AM
Fall 2005	Monday	9:00AM - 9:59AM
Fall 2005	Thursday	9:00AM - 9:59AM
Fall 2005	Tuesday	9:00AM - 9:59AM
Fall 2005	Wednesday	9:00AM - 9:59AM
Fall 2006	Friday	9:00AM - 9:59AM
Fall 2006	Monday	9:00AM - 9:59AM
Fall 2006	Thursday	9:00AM - 9:59AM
Fall 2006	Tuesday	9:00AM - 9:59AM
Fall 2006	Wednesday	9:00AM - 9:59AM
Fall 2007	Friday	1:00PM - 1:59PM
Fall 2007	Monday	9:00AM - 9:59AM
Fall 2007	Thursday	9:00AM - 9:59AM
Fall 2007	Tuesday	9:00AM - 9:59AM
Fall 2007	Wednesday	9:00AM - 9:59AM
Fall 2008	Friday	9:00AM - 9:59AM
Fall 2008	Monday	9:00AM - 9:59AM
Fall 2008	Thursday	9:00AM - 9:59AM
Fall 2008	Tuesday	9:00AM - 9:59AM
Fall 2008	Wednesday	9:00AM - 9:59AM
Fall 2009	Friday	9:00AM - 9:59AM
Fall 2009	Monday	9:00AM - 9:59AM
Fall 2009	Thursday	9:00AM - 9:59AM
Fall 2009	Tuesday	9:00AM - 9:59AM
Fall 2009	Wednesday	9:00AM - 9:59AM
Fall 2010	Friday	9:00AM - 9:59AM
Fall 2010	Monday	9:00AM - 9:59AM
Fall 2010	Thursday	9:00AM - 9:59AM
Fall 2010	Tuesday	9:00AM - 9:59AM
Fall 2010	Wednesday	9:00AM - 9:59AM
Fall 2011	Friday	9:00AM - 9:59AM
Fall 2011	Monday	9:00AM - 9:59AM
Fall 2011	Thursday	9:00AM - 9:59AM
Fall 2011	Tuesday	9:00AM - 9:59AM
Fall 2011	Wednesday	9:00AM - 9:59AM
Fall 2012	Friday	9:00AM - 9:59AM
Fall 2012	Monday	9:00AM - 9:59AM
Fall 2012	Thursday	9:00AM - 9:59AM
Fall 2012	Tuesday	9:00AM - 9:59AM
Fall 2012	Wednesday	9:00AM - 9:59AM
Fall 2013	Friday	1:00PM - 1:59PM
Fall 2013	Monday	12:00PM - 12:59PM
Fall 2013	Thursday	9:00AM - 9:59AM
Fall 2013	Tuesday	9:00AM - 9:59AM
Fall 2013	Wednesday	12:00PM - 12:59PM
Fall 2014	Friday	1:00PM - 1:59PM
Fall 2014	Monday	9:00AM - 9:59AM
Fall 2014	Thursday	9:00AM - 9:59AM
Fall 2014	Tuesday	9:00AM - 9:59AM
Fall 2014	Wednesday	12:00PM - 12:59PM
Fall 2015	Friday	9:00AM - 9:59AM
Fall 2015	Monday	9:00AM - 9:59AM
Fall 2015	Thursday	9:00AM - 9:59AM
Fall 2015	Tuesday	9:00AM - 9:59AM
Fall 2015	Wednesday	9:00AM - 9:59AM
Fall 2016	Friday	1:00PM - 1:59PM
Fall 2016	Monday	9:00AM - 9:59AM
Fall 2016	Thursday	9:00AM - 9:59AM
Fall 2016	Tuesday	9:00AM - 9:59AM
Fall 2016	Wednesday	12:00PM - 12:59PM
Spring 1994	Friday	9:00AM - 9:59AM
Spring 1994	Monday	9:00AM - 9:59AM
Spring 1994	Thursday	9:00AM - 9:59AM
Spring 1994	Tuesday	9:00AM - 9:59AM
Spring 1994	Wednesday	9:00AM - 9:59AM
Spring 1995	Friday	1:00PM - 1:59PM
Spring 1995	Monday	9:00AM - 9:59AM
Spring 1995	Thursday	9:00AM - 9:59AM
Spring 1995	Tuesday	9:00AM - 9:59AM
Spring 1995	Wednesday	9:00AM - 9:59AM
Spring 1996	Friday	1:00PM - 1:59PM
Spring 1996	Monday	9:00AM - 9:59AM
Spring 1996	Thursday	9:00AM - 9:59AM
Spring 1996	Tuesday	9:00AM - 9:59AM
Spring 1996	Wednesday	9:00AM - 9:59AM
Spring 1997	Friday	11:00AM - 11:59AM
Spring 1997	Monday	9:00AM - 9:59AM
Spring 1997	Thursday	9:00AM - 9:59AM
Spring 1997	Tuesday	9:00AM - 9:59AM
Spring 1997	Wednesday	9:00AM - 9:59AM
Spring 1998	Friday	9:00AM - 9:59AM
Spring 1998	Monday	9:00AM - 9:59AM
Spring 1998	Thursday	9:00AM - 9:59AM
Spring 1998	Tuesday	9:00AM - 9:59AM
Spring 1998	Wednesday	9:00AM - 9:59AM
Spring 1999	Friday	9:00AM - 9:59AM
Spring 1999	Monday	9:00AM - 9:59AM
Spring 1999	Thursday	9:00AM - 9:59AM
Spring 1999	Tuesday	9:00AM - 9:59AM
Spring 1999	Wednesday	9:00AM - 9:59AM
Spring 2000	Friday	9:00AM - 9:59AM
Spring 2000	Monday	9:00AM - 9:59AM
Spring 2000	Thursday	9:00AM - 9:59AM
Spring 2000	Tuesday	9:00AM - 9:59AM
Spring 2000	Wednesday	9:00AM - 9:59AM
Spring 2001	Friday	1:00PM - 1:59PM
Spring 2001	Monday	9:00AM - 9:59AM
Spring 2001	Thursday	9:00AM - 9:59AM
Spring 2001	Tuesday	9:00AM - 9:59AM
Spring 2001	Wednesday	9:00AM - 9:59AM
Spring 2002	Friday	9:00AM - 9:59AM
Spring 2002	Monday	9:00AM - 9:59AM
Spring 2002	Thursday	9:00AM - 9:59AM
Spring 2002	Tuesday	9:00AM - 9:59AM
Spring 2002	Wednesday	9:00AM - 9:59AM
Spring 2003	Friday	9:00AM - 9:59AM
Spring 2003	Monday	9:00AM - 9:59AM
Spring 2003	Thursday	9:00AM - 9:59AM
Spring 2003	Tuesday	9:00AM - 9:59AM
Spring 2003	Wednesday	9:00AM - 9:59AM
Spring 2004	Friday	9:00AM - 9:59AM
Spring 2004	Monday	9:00AM - 9:59AM
Spring 2004	Thursday	9:00AM - 9:59AM
Spring 2004	Tuesday	9:00AM - 9:59AM
Spring 2004	Wednesday	9:00AM - 9:59AM
Spring 2005	Friday	9:00AM - 9:59AM
Spring 2005	Monday	9:00AM - 9:59AM
Spring 2005	Thursday	9:00AM - 9:59AM
Spring 2005	Tuesday	9:00AM - 9:59AM
Spring 2005	Wednesday	9:00AM - 9:59AM
Spring 2006	Friday	9:00AM - 9:59AM
Spring 2006	Monday	9:00AM - 9:59AM
Spring 2006	Thursday	9:00AM - 9:59AM
Spring 2006	Tuesday	9:00AM - 9:59AM
Spring 2006	Wednesday	9:00AM - 9:59AM
Spring 2007	Friday	1:00PM - 1:59PM
Spring 2007	Monday	1:00PM - 1:59PM
Spring 2007	Thursday	9:00AM - 9:59AM
Spring 2007	Tuesday	9:00AM - 9:59AM
Spring 2007	Wednesday	9:00AM - 9:59AM
Spring 2008	Friday	9:00AM - 9:59AM
Spring 2008	Monday	9:00AM - 9:59AM
Spring 2008	Thursday	9:00AM - 9:59AM
Spring 2008	Tuesday	9:00AM - 9:59AM
Spring 2008	Wednesday	9:00AM - 9:59AM
Spring 2009	Friday	9:00AM - 9:59AM
Spring 2009	Monday	9:00AM - 9:59AM
Spring 2009	Thursday	9:00AM - 9:59AM
Spring 2009	Tuesday	9:00AM - 9:59AM
Spring 2009	Wednesday	9:00AM - 9:59AM
Spring 2010	Friday	9:00AM - 9:59AM
Spring 2010	Monday	9:00AM - 9:59AM
Spring 2010	Thursday	9:00AM - 9:59AM
Spring 2010	Tuesday	9:00AM - 9:59AM
Spring 2010	Wednesday	9:00AM - 9:59AM
Spring 2011	Friday	1:00PM - 1:59PM
Spring 2011	Monday	9:00AM - 9:59AM
Spring 2011	Thursday	9:00AM - 9:59AM
Spring 2011	Tuesday	9:00AM - 9:59AM
Spring 2011	Wednesday	9:00AM - 9:59AM
Spring 2012	Friday	9:00AM - 9:59AM
Spring 2012	Monday	9:00AM - 9:59AM
Spring 2012	Thursday	9:00AM - 9:59AM
Spring 2012	Tuesday	9:00AM - 9:59AM
Spring 2012	Wednesday	9:00AM - 9:59AM
Spring 2013	Friday	9:00AM - 9:59AM
Spring 2013	Monday	1:00PM - 1:59PM
Spring 2013	Thursday	9:00AM - 9:59AM
Spring 2013	Tuesday	9:00AM - 9:59AM
Spring 2013	Wednesday	9:00AM - 9:59AM
Spring 2014	Friday	1:00PM - 1:59PM
Spring 2014	Monday	9:00AM - 9:59AM
Spring 2014	Thursday	9:00AM - 9:59AM
Spring 2014	Tuesday	9:00AM - 9:59AM
Spring 2014	Wednesday	12:00PM - 12:59PM
Spring 2015	Friday	1:00PM - 1:59PM
Spring 2015	Monday	9:00AM - 9:59AM
Spring 2015	Thursday	9:00AM - 9:59AM
Spring 2015	Tuesday	9:00AM - 9:59AM
Spring 2015	Wednesday	12:00PM - 12:59PM
Spring 2016	Friday	1:00PM - 1:59PM
Spring 2016	Monday	9:00AM - 9:59AM
Spring 2016	Thursday	9:00AM - 9:59AM
Spring 2016	Tuesday	9:00AM - 9:59AM
Spring 2016	Wednesday	12:00PM - 12:59PM
Spring 2017	Thursday	11:00AM - 11:59AM
Spring 2017	Tuesday	11:00AM - 11:59AM
Summer 1994	Friday	9:00AM - 9:59AM
Summer 1994	Monday	6:00PM - 6:59PM
Summer 1994	Thursday	6:00PM - 6:59PM
Summer 1994	Tuesday	6:00PM - 6:59PM
Summer 1994	Wednesday	6:00PM - 6:59PM
Summer 1995	Friday	9:00AM - 9:59AM
Summer 1995	Monday	6:00PM - 6:59PM
Summer 1995	Thursday	6:00PM - 6:59PM
Summer 1995	Tuesday	6:00PM - 6:59PM
Summer 1995	Wednesday	6:00PM - 6:59PM
Summer 1996	Friday	9:00AM - 9:59AM
Summer 1996	Monday	6:00PM - 6:59PM
Summer 1996	Thursday	6:00PM - 6:59PM
Summer 1996	Tuesday	6:00PM - 6:59PM
Summer 1996	Wednesday	6:00PM - 6:59PM
Summer 1997	Friday	9:00AM - 9:59AM
Summer 1997	Monday	6:00PM - 6:59PM
Summer 1997	Thursday	6:00PM - 6:59PM
Summer 1997	Tuesday	6:00PM - 6:59PM
Summer 1997	Wednesday	6:00PM - 6:59PM
Summer 1998	Friday	9:00AM - 9:59AM
Summer 1998	Monday	6:00PM - 6:59PM
Summer 1998	Thursday	6:00PM - 6:59PM
Summer 1998	Tuesday	6:00PM - 6:59PM
Summer 1998	Wednesday	6:00PM - 6:59PM
Summer 1999	Friday	9:00AM - 9:59AM
Summer 1999	Monday	6:00PM - 6:59PM
Summer 1999	Thursday	6:00PM - 6:59PM
Summer 1999	Tuesday	6:00PM - 6:59PM
Summer 1999	Wednesday	6:00PM - 6:59PM
Summer 2000	Friday	9:00AM - 9:59AM
Summer 2000	Monday	6:00PM - 6:59PM
Summer 2000	Thursday	6:00PM - 6:59PM
Summer 2000	Tuesday	6:00PM - 6:59PM
Summer 2000	Wednesday	6:00PM - 6:59PM
Summer 2001	Friday	9:00AM - 9:59AM
Summer 2001	Monday	6:00PM - 6:59PM
Summer 2001	Thursday	6:00PM - 6:59PM
Summer 2001	Tuesday	6:00PM - 6:59PM
Summer 2001	Wednesday	6:00PM - 6:59PM
Summer 2002	Friday	9:00AM - 9:59AM
Summer 2002	Monday	6:00PM - 6:59PM
Summer 2002	Thursday	6:00PM - 6:59PM
Summer 2002	Tuesday	6:00PM - 6:59PM
Summer 2002	Wednesday	6:00PM - 6:59PM
Summer 2003	Friday	9:00AM - 9:59AM
Summer 2003	Monday	6:00PM - 6:59PM
Summer 2003	Thursday	6:00PM - 6:59PM
Summer 2003	Tuesday	6:00PM - 6:59PM
Summer 2003	Wednesday	6:00PM - 6:59PM
Summer 2004	Friday	9:00AM - 9:59AM
Summer 2004	Monday	6:00PM - 6:59PM
Summer 2004	Thursday	6:00PM - 6:59PM
Summer 2004	Tuesday	6:00PM - 6:59PM
Summer 2004	Wednesday	6:00PM - 6:59PM
Summer 2005	Friday	9:00AM - 9:59AM
Summer 2005	Monday	6:00PM - 6:59PM
Summer 2005	Thursday	6:00PM - 6:59PM
Summer 2005	Tuesday	6:00PM - 6:59PM
Summer 2005	Wednesday	6:00PM - 6:59PM
Summer 2006	Friday	9:00AM - 9:59AM
Summer 2006	Monday	6:00PM - 6:59PM
Summer 2006	Thursday	6:00PM - 6:59PM
Summer 2006	Tuesday	6:00PM - 6:59PM
Summer 2006	Wednesday	6:00PM - 6:59PM
Summer 2007	Friday	9:00AM - 9:59AM
Summer 2007	Monday	9:00AM - 9:59AM
Summer 2007	Thursday	6:00PM - 6:59PM
Summer 2007	Tuesday	6:00PM - 6:59PM
Summer 2007	Wednesday	6:00PM - 6:59PM
Summer 2008	Friday	9:00AM - 9:59AM
Summer 2008	Monday	9:00AM - 9:59AM
Summer 2008	Thursday	6:00PM - 6:59PM
Summer 2008	Tuesday	6:00PM - 6:59PM
Summer 2008	Wednesday	6:00PM - 6:59PM
Summer 2009	Friday	9:00AM - 9:59AM
Summer 2009	Monday	9:00AM - 9:59AM
Summer 2009	Thursday	6:00PM - 6:59PM
Summer 2009	Tuesday	6:00PM - 6:59PM
Summer 2009	Wednesday	6:00PM - 6:59PM
Summer 2010	Friday	9:00AM - 9:59AM
Summer 2010	Monday	9:00AM - 9:59AM
Summer 2010	Thursday	6:00PM - 6:59PM
Summer 2010	Tuesday	6:00PM - 6:59PM
Summer 2010	Wednesday	6:00PM - 6:59PM
Summer 2011	Friday	9:00AM - 9:59AM
Summer 2011	Monday	9:00AM - 9:59AM
Summer 2011	Thursday	6:00PM - 6:59PM
Summer 2011	Tuesday	6:00PM - 6:59PM
Summer 2011	Wednesday	6:00PM - 6:59PM
Summer 2012	Friday	9:00AM - 9:59AM
Summer 2012	Monday	9:00AM - 9:59AM
Summer 2012	Thursday	6:00PM - 6:59PM
Summer 2012	Tuesday	6:00PM - 6:59PM
Summer 2012	Wednesday	6:00PM - 6:59PM
Summer 2013	Friday	9:00AM - 9:59AM
Summer 2013	Monday	9:00AM - 9:59AM
Summer 2013	Thursday	6:00PM - 6:59PM
Summer 2013	Tuesday	6:00PM - 6:59PM
Summer 2013	Wednesday	6:00PM - 6:59PM
Summer 2014	Friday	9:00AM - 9:59AM
Summer 2014	Monday	9:00AM - 9:59AM
Summer 2014	Thursday	6:00PM - 6:59PM
Summer 2014	Tuesday	6:00PM - 6:59PM
Summer 2014	Wednesday	6:00PM - 6:59PM
Summer 2015	Friday	9:00AM - 9:59AM
Summer 2015	Monday	9:00AM - 9:59AM
Summer 2015	Thursday	6:00PM - 6:59PM
Summer 2015	Tuesday	6:00PM - 6:59PM
Summer 2015	Wednesday	6:00PM - 6:59PM
Summer 2016	Friday	9:00AM - 9:59AM
Summer 2016	Monday	9:00AM - 9:59AM
Summer 2016	Thursday	6:00PM - 6:59PM
Summer 2016	Tuesday	6:00PM - 6:59PM
Summer 2016	Wednesday	6:00PM - 6:59PM
Winter 2014	Friday	9:00AM - 9:59AM
Winter 2014	Monday	9:00AM - 9:59AM
Winter 2014	Thursday	9:00AM - 9:59AM
Winter 2014	Tuesday	12:00PM - 12:59PM
Winter 2014	Wednesday	1:00PM - 1:59PM
Winter 2015	Friday	9:00AM - 9:59AM
Winter 2015	Monday	9:00AM - 9:59AM
Winter 2015	Thursday	11:00AM - 11:59AM
Winter 2015	Tuesday	12:00PM - 12:59PM
Winter 2015	Wednesday	11:00AM - 11:59AM
Winter 2016	Friday	9:00AM - 9:59AM
Winter 2016	Monday	9:00AM - 9:59AM
Winter 2016	Thursday	9:00AM - 9:59AM
Winter 2016	Tuesday	9:00AM - 9:59AM
Winter 2016	Wednesday	9:00AM - 9:59AM
Winter 2017	Friday	9:00AM - 9:59AM
Winter 2017	Monday	9:00AM - 9:59AM
Winter 2017	Thursday	9:00AM - 9:59AM
Winter 2017	Tuesday	9:00AM - 9:59AM
Winter 2017	Wednesday	9:00AM - 9:59AM
